Sales Region,Sales Area,Sales Branch
AHMEDABAD,AHMEDABAD EAST CLUSTER ,ASLALI BRANCH
AHMEDABAD,AHMEDABAD EAST CLUSTER ,GOBLEJ BKG & DLY
AHMEDABAD,AHMEDABAD EAST CLUSTER ,GOBLEJ TC
AHMEDABAD,AHMEDABAD EAST CLUSTER ,KATHWADA
AHMEDABAD,AHMEDABAD EAST CLUSTER ,KATHWADA TR
AHMEDABAD,AHMEDABAD EAST CLUSTER ,KUBADTHAL FR
AHMEDABAD,AHMEDABAD EAST CLUSTER ,NADIAD
AHMEDABAD,AHMEDABAD EAST CLUSTER ,NARODA
AHMEDABAD,AHMEDABAD EAST CLUSTER ,NAROL
AHMEDABAD,AHMEDABAD EAST CLUSTER ,ODHAV
AHMEDABAD,AHMEDABAD EAST CLUSTER ,RAKHIAL
AHMEDABAD,AHMEDABAD EAST CLUSTER ,SARANGPUR
AHMEDABAD,AHMEDABAD EAST CLUSTER ,VATVA
AHMEDABAD,AHMEDABAD WEST CLUSTER ,CHANGODAR
AHMEDABAD,AHMEDABAD WEST CLUSTER ,CHHATRAL (N.G.)
AHMEDABAD,AHMEDABAD WEST CLUSTER ,CHHATRAL TR
AHMEDABAD,AHMEDABAD WEST CLUSTER ,DHOLKA
AHMEDABAD,AHMEDABAD WEST CLUSTER ,GANDHINAGAR
AHMEDABAD,AHMEDABAD WEST CLUSTER ,GIDC CHHATRAL FR
AHMEDABAD,AHMEDABAD WEST CLUSTER ,HIMATNAGAR
AHMEDABAD,AHMEDABAD WEST CLUSTER ,KALOL (N.G.)
AHMEDABAD,AHMEDABAD WEST CLUSTER ,MEHSANA (N.G.)
AHMEDABAD,AHMEDABAD WEST CLUSTER ,PALANPUR
AHMEDABAD,AHMEDABAD WEST CLUSTER ,SANAND
AHMEDABAD,AHMEDABAD WEST CLUSTER ,SANTEJ
AHMEDABAD,AHMEDABAD WEST CLUSTER ,SARKHEJ
AHMEDABAD,AHMEDABAD WEST CLUSTER ,SIDHPUR
AHMEDABAD,AHMEDABAD WEST CLUSTER ,SURENDRANAGAR
AHMEDABAD,RAJASTHAN,ABU ROAD
AHMEDABAD,RAJASTHAN,BHILWARA FR
AHMEDABAD,RAJASTHAN,CHITTORGARH FR
AHMEDABAD,RAJASTHAN,JODHPUR
AHMEDABAD,RAJASTHAN,KOTA (RAJASTAN)FR
AHMEDABAD,RAJASTHAN,PALI
AHMEDABAD,RAJASTHAN,UDAIPUR
ANDHRA & TELANGANA ,ANDHRA PRADESH ,CHITTOOR
ANDHRA & TELANGANA ,ANDHRA PRADESH ,CUDDAPAH
ANDHRA & TELANGANA ,ANDHRA PRADESH ,ELURU
ANDHRA & TELANGANA ,ANDHRA PRADESH ,GAJUWAKA
ANDHRA & TELANGANA ,ANDHRA PRADESH ,GUDIVADA
ANDHRA & TELANGANA ,ANDHRA PRADESH ,GUNTUR
ANDHRA & TELANGANA ,ANDHRA PRADESH ,KAKINADA
ANDHRA & TELANGANA ,ANDHRA PRADESH ,NELLORE
ANDHRA & TELANGANA ,ANDHRA PRADESH ,ONGOLE
ANDHRA & TELANGANA ,ANDHRA PRADESH ,PARAWADA
ANDHRA & TELANGANA ,ANDHRA PRADESH ,RAJAHMUNDRY CITY
ANDHRA & TELANGANA ,ANDHRA PRADESH ,SRIKAKULAM
ANDHRA & TELANGANA ,ANDHRA PRADESH ,TIRUPATHI
ANDHRA & TELANGANA ,ANDHRA PRADESH ,VIJAYAWADA
ANDHRA & TELANGANA ,ANDHRA PRADESH ,VIJAYAWADA TR
ANDHRA & TELANGANA ,ANDHRA PRADESH ,VIZIANAGARAM
ANDHRA & TELANGANA ,TELANGANA ,ADILABAD
ANDHRA & TELANGANA ,TELANGANA ,ANANTAPURAM
ANDHRA & TELANGANA ,TELANGANA ,AUTONAGAR-HYD
ANDHRA & TELANGANA ,TELANGANA ,BAHADURPALLY BOOKING
ANDHRA & TELANGANA ,TELANGANA ,BAHADURPALLY DELIVERY
ANDHRA & TELANGANA ,TELANGANA ,BAHADURPALLY TR
ANDHRA & TELANGANA ,TELANGANA ,BALANAGAR
ANDHRA & TELANGANA ,TELANGANA ,BOLLARAM
ANDHRA & TELANGANA ,TELANGANA ,CHERLAPALLY
ANDHRA & TELANGANA ,TELANGANA ,DIWANDEVDI
ANDHRA & TELANGANA ,TELANGANA ,HUBSIGUDA
ANDHRA & TELANGANA ,TELANGANA ,HYDERABAD CENTRAL CELL
ANDHRA & TELANGANA ,TELANGANA ,IDA GANDHINAGAR-HYD
ANDHRA & TELANGANA ,TELANGANA ,JEEDIMETLA
ANDHRA & TELANGANA ,TELANGANA ,KARIMNAGAR
ANDHRA & TELANGANA ,TELANGANA ,KHAMMAM
ANDHRA & TELANGANA ,TELANGANA ,KOTHUR
ANDHRA & TELANGANA ,TELANGANA ,KURNOOL
ANDHRA & TELANGANA ,TELANGANA ,MEDCHAL
ANDHRA & TELANGANA ,TELANGANA ,NIZAMABAD
ANDHRA & TELANGANA ,TELANGANA ,PATANCHERU
ANDHRA & TELANGANA ,TELANGANA ,SECUNDERABAD
ANDHRA & TELANGANA ,TELANGANA ,WARANGAL
BARODA,BARODA,BARODA- KARELIBAUG
BARODA,BARODA,DASHRATH
BARODA,BARODA,DASHRATH TR
BARODA,BARODA,GODHRA PANCHMAHAL
BARODA,BARODA,GOLDEN BRANCH
BARODA,BARODA,HALOL(GIDC)
BARODA,BARODA,MAKARPURA
BARODA,BARODA,MANJUSAR
BARODA,BARODA,NANDESARI
BARODA,BARODA,PADRA(DHABASA)
BARODA,BARODA,POR
BARODA,BARODA,V V NAGAR
BARODA,BARODA,WAGHODIA
BARODA,INDORE,BHOPAL
BARODA,INDORE,DEWAS(TOWN)
BARODA,INDORE,DEWAS NAKA
BARODA,INDORE,INDORE CITY
BARODA,INDORE,INDORE TR
BARODA,INDORE,LASUDIA
BARODA,INDORE,MANDIDEEP
BARODA,INDORE,PANCHKUIA
BARODA,INDORE,PITHAMPUR
BARODA,INDORE,UJJAIN
COIMBATORE,COIMBATORE,BARGUR
COIMBATORE,COIMBATORE,COIMBATORE-SIDCO
COIMBATORE,COIMBATORE,COIMBATORE BRANCH
COIMBATORE,COIMBATORE,COONOOR
COIMBATORE,COIMBATORE,DHARMAPURI
COIMBATORE,COIMBATORE,ERODE
COIMBATORE,COIMBATORE,GANAPATHY-CBE
COIMBATORE,COIMBATORE,KANJIKODE
COIMBATORE,COIMBATORE,KARAIKAL
COIMBATORE,COIMBATORE,KARUR
COIMBATORE,COIMBATORE,KARUR-TNPL
COIMBATORE,COIMBATORE,KOMARAPALAYAM
COIMBATORE,COIMBATORE,KUMBAKONAM
COIMBATORE,COIMBATORE,MANAPPARAI-TNPL
COIMBATORE,COIMBATORE,METTUR DAM
COIMBATORE,COIMBATORE,NEELAMBUR
COIMBATORE,COIMBATORE,PERUNDURAI SIPCOT
COIMBATORE,COIMBATORE,POLLACHI
COIMBATORE,COIMBATORE,PUDUKKOTTAI
COIMBATORE,COIMBATORE,SALEM
COIMBATORE,COIMBATORE,SALEM TR
COIMBATORE,COIMBATORE,THANJAVUR
COIMBATORE,COIMBATORE,TIRUPUR
COIMBATORE,COIMBATORE,TIRUPUR CITY
COIMBATORE,COIMBATORE,TRICHY
COIMBATORE,COIMBATORE,UDUMALPET
COIMBATORE,KALAMASSERY,ALLEPPEY
COIMBATORE,KALAMASSERY,CALICUT
COIMBATORE,KALAMASSERY,ELOOR-KERALA
COIMBATORE,KALAMASSERY,KALAMASSERY
COIMBATORE,KALAMASSERY,KANNUR
COIMBATORE,KALAMASSERY,KOLLAM CASHEW
COIMBATORE,KALAMASSERY,KOTTAYAM
COIMBATORE,KALAMASSERY,MANJERI
COIMBATORE,KALAMASSERY,QUILON (KOLLAM)
COIMBATORE,KALAMASSERY,SHORANUR
COIMBATORE,KALAMASSERY,TRICHUR
COIMBATORE,KALAMASSERY,TRIVANDRUM
COIMBATORE,MADURAI,BODINAYAKKANUR
COIMBATORE,MADURAI,DINDIGUL
COIMBATORE,MADURAI,MADURAI
COIMBATORE,MADURAI,NAGERCOIL
COIMBATORE,MADURAI,RAJAPALAYAM
COIMBATORE,MADURAI,SIVAKASI
COIMBATORE,MADURAI,SIVAKASI-THIRUTHANGAL
COIMBATORE,MADURAI,TIRUNELVELI
COIMBATORE,MADURAI,TUTICORIN
EAST,WEST BENGAL ,ALAMPUR
EAST,WEST BENGAL ,BAHARAGORA
EAST,WEST BENGAL ,BALASORE
EAST,WEST BENGAL ,BELILIOUS ROAD
EAST,WEST BENGAL ,BERHAMPUR
EAST,WEST BENGAL ,BHUBANESWAR
EAST,WEST BENGAL ,BISHNUPUR-KOLKATTA
EAST,WEST BENGAL ,BURDWAN
EAST,WEST BENGAL ,CUTTACK
EAST,WEST BENGAL ,DANKUNI
EAST,WEST BENGAL ,DEOGHAR
EAST,WEST BENGAL ,DURGAPUR
EAST,WEST BENGAL ,GUWAHATI
EAST,WEST BENGAL ,HALDIA
EAST,WEST BENGAL ,HOWRAH
EAST,WEST BENGAL ,JAIGAON-BHUTAN
EAST,WEST BENGAL ,JAMSHEDPUR
EAST,WEST BENGAL ,KALYANI
EAST,WEST BENGAL ,KHARAGPUR
EAST,WEST BENGAL ,KOLKATA CC
EAST,WEST BENGAL ,KOLKATA TR
EAST,WEST BENGAL ,KOLKATA(B T ROAD)
EAST,WEST BENGAL ,KOLKATA-CENTRAL
EAST,WEST BENGAL ,KOLKATA-SOUTH
EAST,WEST BENGAL ,MALDA
EAST,WEST BENGAL ,PATNA
EAST,WEST BENGAL ,RANCHI
EAST,WEST BENGAL ,RANCHI DELIVERY
EAST,WEST BENGAL ,RAXAUL
EAST,WEST BENGAL ,SAMBALPUR
EAST,WEST BENGAL ,SANTIPUR
EAST,WEST BENGAL ,SILIGURI
KARNATAKA,BANGALORE SOUTH ,BIDADI
KARNATAKA,BANGALORE SOUTH ,BOMMANAHALLI - BNG
KARNATAKA,BANGALORE SOUTH ,BOMMASANDRA
KARNATAKA,BANGALORE SOUTH ,BOMMASANDRA TR
KARNATAKA,BANGALORE SOUTH ,DEEPANJALI NAGAR
KARNATAKA,BANGALORE SOUTH ,HAROHALLI -BANGALORE
KARNATAKA,BANGALORE SOUTH ,HOSUR
KARNATAKA,BANGALORE SOUTH ,HOSUR INDUSTRIAL AREA
KARNATAKA,BANGALORE SOUTH ,HOSUR SIPCOT 2
KARNATAKA,BANGALORE SOUTH ,JIGANI
KARNATAKA,BANGALORE SOUTH ,KANAKAPURA ROAD-BNG
KARNATAKA,BANGALORE SOUTH ,KUPPAM
KARNATAKA,BANGALORE SOUTH ,LALBAGH ROAD
KARNATAKA,BANGALORE SOUTH ,SHIVAJINAGAR-BNG
KARNATAKA,BANGALORE SOUTH ,SIDDAIAH ROAD-BNG
KARNATAKA,BANGALORE NORTH ,BUDIHAL-TUMKUR ROAD
KARNATAKA,BANGALORE NORTH ,CHIKMAGALUR
KARNATAKA,BANGALORE NORTH ,DABASPET
KARNATAKA,BANGALORE NORTH ,DODDABALLAPUR-BNG
KARNATAKA,BANGALORE NORTH ,HASSAN
KARNATAKA,BANGALORE NORTH ,HINDUPUR
KARNATAKA,BANGALORE NORTH ,HOSKOTE
KARNATAKA,BANGALORE NORTH ,K R PURAM
KARNATAKA,BANGALORE NORTH ,KAMAKSHIPALYA-BNG
KARNATAKA,BANGALORE NORTH ,KOLAR
KARNATAKA,BANGALORE NORTH ,MALUR
KARNATAKA,BANGALORE NORTH ,NELAMANGALA
KARNATAKA,BANGALORE NORTH ,NELAMANGALA (BKG & DLY)
KARNATAKA,BANGALORE NORTH ,NELAMANGALA CENTRAL CELL
KARNATAKA,BANGALORE NORTH ,PEENYA
KARNATAKA,BANGALORE NORTH ,RAJAJINAGAR
KARNATAKA,BANGALORE NORTH ,TUMKUR
KARNATAKA,BANGALORE NORTH ,TUMKUR INDUSTRIAL AREA
KARNATAKA,MYSORE,BAIKAMPADY-MNG
KARNATAKA,MYSORE,KUNDAPUR
KARNATAKA,MYSORE,KUSHALNAGAR-KODAGU
KARNATAKA,MYSORE,MANDYA
KARNATAKA,MYSORE,MANGALORE
KARNATAKA,MYSORE,MYSORE
KARNATAKA,MYSORE,MYSORE-INDUSTRIAL AREA
KARNATAKA,MYSORE,PUTTUR
KARNATAKA,MYSORE,RAMANAGARA
KARNATAKA,MYSORE,UDUPI
KARNATAKA,NORTH KARNATAKA ,BAGALAKOTE - NORTH KAR
KARNATAKA,NORTH KARNATAKA ,BELGAUM
KARNATAKA,NORTH KARNATAKA ,BELGAUM INDL ESTATE
KARNATAKA,NORTH KARNATAKA ,BELLARY
KARNATAKA,NORTH KARNATAKA ,BHATKAL
KARNATAKA,NORTH KARNATAKA ,BIDAR
KARNATAKA,NORTH KARNATAKA ,BIJAPUR
KARNATAKA,NORTH KARNATAKA ,CHITRADURGA
KARNATAKA,NORTH KARNATAKA ,DAVANAGERE
KARNATAKA,NORTH KARNATAKA ,GADAG
KARNATAKA,NORTH KARNATAKA ,GANGAVATI
KARNATAKA,NORTH KARNATAKA ,GOKAK
KARNATAKA,NORTH KARNATAKA ,GULBARGA
KARNATAKA,NORTH KARNATAKA ,HUBLI-TARIHAL
KARNATAKA,NORTH KARNATAKA ,HUBLI CITY
KARNATAKA,NORTH KARNATAKA ,HUBLI INDL AREA
KARNATAKA,NORTH KARNATAKA ,HUBLI TR
KARNATAKA,NORTH KARNATAKA ,KARWAR
KARNATAKA,NORTH KARNATAKA ,KOPPAL
KARNATAKA,NORTH KARNATAKA ,KUMTA
KARNATAKA,NORTH KARNATAKA ,MACHHE INDUSTRIAL
KARNATAKA,NORTH KARNATAKA ,RABAKAVI -BANATTI
KARNATAKA,NORTH KARNATAKA ,RAICHUR
KARNATAKA,NORTH KARNATAKA ,RANEBENNUR
KARNATAKA,NORTH KARNATAKA ,SHIMOGA
KARNATAKA,NORTH KARNATAKA ,SINDHNOOR
KARNATAKA,NORTH KARNATAKA ,SIRSI
MUMBAI,BHIWANDI,AMBERNATH
MUMBAI,BHIWANDI,BHIWANDI
MUMBAI,BHIWANDI,BHIWANDI TR
MUMBAI,BHIWANDI,DAPODA
MUMBAI,BHIWANDI,DOMBIVLI
MUMBAI,BHIWANDI,KOPAR
MUMBAI,BHIWANDI,MURBAD
MUMBAI,BHIWANDI,PIMPLAS
MUMBAI,BHIWANDI,THANA
MUMBAI,BHIWANDI,V FUCHS
MUMBAI,BHIWANDI,VADPE
MUMBAI,BHIWANDI,VASIND
MUMBAI,BHIWANDI,VLONAD
MUMBAI,BHIWANDI,VT-ARHAM
MUMBAI,BHIWANDI,WADA
MUMBAI,MUMBAI,ANDHERI
MUMBAI,MUMBAI,BHANDUP
MUMBAI,MUMBAI,BOISAR
MUMBAI,MUMBAI,DAHANU
MUMBAI,MUMBAI,GENESIS
MUMBAI,MUMBAI,GOREGOAN
MUMBAI,MUMBAI,KAMAN
MUMBAI,MUMBAI,MIRA ROAD
MUMBAI,MUMBAI,MUMBAI
MUMBAI,MUMBAI,PALGHAR
MUMBAI,MUMBAI,SAKINAKA
MUMBAI,MUMBAI,VASAI EAST
MUMBAI,MUMBAI,VASAI HIGHWAY
MUMBAI,MUMBAI,VT EBCO
MUMBAI,MUMBAI,WADALA - MUMBAI
MUMBAI,NAVI MUMBAI ,CCI PANVEL
MUMBAI,NAVI MUMBAI ,DRONAGIRI
MUMBAI,NAVI MUMBAI ,KALAMBOLI
MUMBAI,NAVI MUMBAI ,KHOPOLI
MUMBAI,NAVI MUMBAI ,MAHAPE
MUMBAI,NAVI MUMBAI ,NERUL
MUMBAI,NAVI MUMBAI ,PATALGANGA
MUMBAI,NAVI MUMBAI ,RABALE
MUMBAI,NAVI MUMBAI ,TALOJA
MUMBAI,NAVI MUMBAI ,VASHI
MUMBAI,NAVI MUMBAI ,VT TECHNOVA
NAGPUR,NAGPUR,AKOLA
NAGPUR,NAGPUR,AMRAVATI
NAGPUR,NAGPUR,BHANDARA
NAGPUR,NAGPUR,BHILAI
NAGPUR,NAGPUR,BILASPUR
NAGPUR,NAGPUR,BUTIBORI
NAGPUR,NAGPUR,CHANDRAPUR
NAGPUR,NAGPUR,CHHINDWARA
NAGPUR,NAGPUR,GANDHIBAGH-NGP
NAGPUR,NAGPUR,JABALPUR
NAGPUR,NAGPUR,KHAMGAON
NAGPUR,NAGPUR,MALKAPUR
NAGPUR,NAGPUR,NAGPUR (WADI)
NAGPUR,NAGPUR,NAGPUR CITY
NAGPUR,NAGPUR,NAGPUR CIY FR
NAGPUR,NAGPUR,NAGPUR TR
NAGPUR,NAGPUR,NAGPUR WADDHAMNA
NAGPUR,NAGPUR,RAIPUR
NORTH 2 ,UP EAST ,ALLAHABAD
NORTH 2 ,UP EAST ,BHADOHI
NORTH 2 ,UP EAST ,GHAZIPUR FR
NORTH 2 ,UP EAST ,GORAKHPUR
NORTH 2 ,UP EAST ,KANPUR
NORTH 2 ,UP EAST ,KANPUR TR
NORTH 2 ,UP EAST ,KANPUR(FR)
NORTH 2 ,UP EAST ,LUCKNOW
NORTH 2 ,UP EAST ,SHAHJHANPUR FR
NORTH 2 ,UP EAST ,UNNAO
NORTH 2 ,UP EAST ,VARANASI
NORTH 2 ,UP WEST ,AGRA
NORTH 2 ,UP WEST ,AGRA SADAR BHATTI
NORTH 2 ,UP WEST ,ALIGARH FR
NORTH 2 ,UP WEST ,ARYAN NAGAR - GZB
NORTH 2 ,UP WEST ,FIROZABAD FR
NORTH 2 ,UP WEST ,GAJRAULA
NORTH 2 ,UP WEST ,GHAZIABAD
NORTH 2 ,UP WEST ,GHAZIABAD FR
NORTH 2 ,UP WEST ,GHAZIABAD TR
NORTH 2 ,UP WEST ,GREATER NOIDA
NORTH 2 ,UP WEST ,GWALIOR
NORTH 2 ,UP WEST ,LAL KUAN FR
NORTH 2 ,UP WEST ,LONI
NORTH 2 ,UP WEST ,MATHURA
NORTH 2 ,UP WEST ,MEERUT
NORTH 2 ,UP WEST ,MODINAGAR FR
NORTH 2 ,UP WEST ,MUZAFFARNAGAR
NORTH 2 ,UP WEST ,NOIDA
NORTH 2 ,UP WEST ,SAHIBABAD
NORTH 2 ,UP WEST ,SURAJKUND MEERUT FR
NORTH 2 ,UP WEST ,UPBORDER(BKG & DLY)
NORTH 2 ,UTTARAKHAND ,BAREILLY
NORTH 2 ,UTTARAKHAND ,BHAGWANPUR
NORTH 2 ,UTTARAKHAND ,DEHRADUN
NORTH 2 ,UTTARAKHAND ,HARIDWAR
NORTH 2 ,UTTARAKHAND ,KASHIPUR
NORTH 2 ,UTTARAKHAND ,MORADABAD
NORTH 2 ,UTTARAKHAND ,ROORKEE
NORTH 2 ,UTTARAKHAND ,RUDRAPUR
NORTH 2 ,UTTARAKHAND ,SAHARANPUR
NORTH 2 ,UTTARAKHAND ,SELAQUI
NORTH 2 ,UTTARAKHAND ,SITARGANJ
NORTH 1 ,DELHI,ALIPUR BRANCH
NORTH 1 ,DELHI,BABARPUR
NORTH 1 ,DELHI,BADLI FR
NORTH 1 ,DELHI,BAHADURGARH
NORTH 1 ,DELHI,BAWANA
NORTH 1 ,DELHI,BIJWSAN
NORTH 1 ,DELHI,CHANDNI CHOWK
NORTH 1 ,DELHI,DELHI (RAMA ROAD)
NORTH 1 ,DELHI,DELHI EAST
NORTH 1 ,DELHI,FARIDABAD
NORTH 1 ,DELHI,FARIDABAD FR
NORTH 1 ,DELHI,GANDHINAGAR FR (DELHI)
NORTH 1 ,DELHI,KAMLA MARKET
NORTH 1 ,DELHI,KAROLBAGH
NORTH 1 ,DELHI,KUNDLI BRANCH
NORTH 1 ,DELHI,KUNDLI FR
NORTH 1 ,DELHI,MANGOLPURI
NORTH 1 ,DELHI,MAYAPURI
NORTH 1 ,DELHI,MUNDKA
NORTH 1 ,DELHI,NANGLOI FR
NORTH 1 ,DELHI,NARAINA
NORTH 1 ,DELHI,NARELA
NORTH 1 ,DELHI,OKHLA-1
NORTH 1 ,DELHI,ROHTAK
NORTH 1 ,DELHI,ROSHANARA ROAD
NORTH 1 ,DELHI,SAMPLA
NORTH 1 ,DELHI,SHAHDRA
NORTH 1 ,DELHI,SONEPAT
NORTH 1 ,DELHI,TIKRI BORDER
NORTH 1 ,GURGAON,AJMER
NORTH 1 ,GURGAON,ALWAR
NORTH 1 ,GURGAON,BAGRU-JAIPUR
NORTH 1 ,GURGAON,BAIS GODAM
NORTH 1 ,GURGAON,BASAI - GGN
NORTH 1 ,GURGAON,BAWAL
NORTH 1 ,GURGAON,BHIWADI - RAJASTHAN
NORTH 1 ,GURGAON,BIKANER
NORTH 1 ,GURGAON,DELHI HIGHWAY (JAIPUR) DLY
NORTH 1 ,GURGAON,DHARUHERA FR
NORTH 1 ,GURGAON,DHARUHERA TR
NORTH 1 ,GURGAON,DUNDAHERA
NORTH 1 ,GURGAON,GGN JAMALPUR
NORTH 1 ,GURGAON,GGN-WAZIRPUR
NORTH 1 ,GURGAON,GGNDLY
NORTH 1 ,GURGAON,GURGAON BKG & DLY
NORTH 1 ,GURGAON,JAIPUR
NORTH 1 ,GURGAON,JAIPUR TR
NORTH 1 ,GURGAON,KHUSHKHERA
NORTH 1 ,GURGAON,MANESAR
NORTH 1 ,GURGAON,NEEMRANA
NORTH 1 ,GURGAON,SITAPURA-JAIPUR
NORTH 1 ,GURGAON,TRANSPORT NAGAR JAIPUR
NORTH 1 ,PUNJAB,AMBALA CITY
NORTH 1 ,PUNJAB,AMRITSAR
NORTH 1 ,PUNJAB,BADDI (HIMACHAL PRADESH)
NORTH 1 ,PUNJAB,CHANDIGARH FR
NORTH 1 ,PUNJAB,HISAR
NORTH 1 ,PUNJAB,JAGADHRI
NORTH 1 ,PUNJAB,JALANDHAR FR
NORTH 1 ,PUNJAB,JAMMU
NORTH 1 ,PUNJAB,KAITHAL
NORTH 1 ,PUNJAB,KALA-AMB
NORTH 1 ,PUNJAB,KARNAL
NORTH 1 ,PUNJAB,LUDHIANA
NORTH 1 ,PUNJAB,MOHALI FR
NORTH 1 ,PUNJAB,NALAGARH
NORTH 1 ,PUNJAB,PANCHKULA BRANCH
NORTH 1 ,PUNJAB,PANCHKULA TR
NORTH 1 ,PUNJAB,PANIPAT
NORTH 1 ,PUNJAB,PARWANOO
NORTH 1 ,PUNJAB,PATIALA
NORTH 1 ,PUNJAB,PATIALA FR
NORTH 1 ,PUNJAB,SOLAN
NORTH 1 ,PUNJAB,SRINAGAR
NORTH 1 ,PUNJAB,UNA-HP
NORTH 1 ,PUNJAB,YAMUNANAGAR
NORTH 1 ,PUNJAB,ZIRAKPUR
PUNE,KOLHAPUR,ICHALKARANJI
PUNE,KOLHAPUR,KAGAL
PUNE,KOLHAPUR,KARAD
PUNE,KOLHAPUR,KOLHAPUR
PUNE,KOLHAPUR,KOLHAPUR TR
PUNE,KOLHAPUR,LOTE
PUNE,KOLHAPUR,MADGAON
PUNE,KOLHAPUR,MAHAD MIDC
PUNE,KOLHAPUR,MAPUCA
PUNE,KOLHAPUR,PONDA
PUNE,KOLHAPUR,RATNAGIRI
PUNE,KOLHAPUR,ROHA
PUNE,KOLHAPUR,SANGLI
PUNE,KOLHAPUR,SATARA
PUNE,KOLHAPUR,SHINOLI
PUNE,KOLHAPUR,SOLAPUR
PUNE,KOLHAPUR,SOLAPUR CITY
PUNE,KOLHAPUR,TEMBHURNI
PUNE,KOLHAPUR,VERNA-GOA
PUNE,MARATHWADA,AHEMADNAGAR
PUNE,MARATHWADA,AURANGABAD(WALUJ) MIDC
PUNE,MARATHWADA,AURANGABAD CITY-CHIKALTHANA
PUNE,MARATHWADA,DHULE
PUNE,MARATHWADA,GONDHE
PUNE,MARATHWADA,JALGAON
PUNE,MARATHWADA,JALNA
PUNE,MARATHWADA,LATUR
PUNE,MARATHWADA,MALEGAON
PUNE,MARATHWADA,NANDED
PUNE,MARATHWADA,NASIK
PUNE,MARATHWADA,SINNER
PUNE,MARATHWADA,SINNER TR
PUNE,PIMPRI CHINCHWAD AREA ,ALANDI
PUNE,PIMPRI CHINCHWAD AREA ,CHAKAN
PUNE,PIMPRI CHINCHWAD AREA ,CHAKAN CENTRAL CELL
PUNE,PIMPRI CHINCHWAD AREA ,CHAKAN TR
PUNE,PIMPRI CHINCHWAD AREA ,HINJEWADI
PUNE,PIMPRI CHINCHWAD AREA ,KHALUMBRE-CHAKAN
PUNE,PIMPRI CHINCHWAD AREA ,LONAVALA
PUNE,PIMPRI CHINCHWAD AREA ,NIGDI
PUNE,PIMPRI CHINCHWAD AREA ,PIRANGUT
PUNE,PIMPRI CHINCHWAD AREA ,RANJANGAON
PUNE,PIMPRI CHINCHWAD AREA ,SANASWADI
PUNE,PIMPRI CHINCHWAD AREA ,TALEGAON (BKG & DLY)
PUNE,PUNE CITY AREA  ,BARAMATI
PUNE,PUNE CITY AREA  ,HADAPSAR
PUNE,PUNE CITY AREA  ,KHED SHIVAPUR
PUNE,PUNE CITY AREA  ,KURKUMBH
PUNE,PUNE CITY AREA  ,LONIKAND
PUNE,PUNE CITY AREA  ,PHURSUNGHI
PUNE,PUNE CITY AREA  ,PHURSUNGI DELIVERY
PUNE,PUNE CITY AREA  ,PHURSUNGI TR
PUNE,PUNE CITY AREA  ,PUNE CITY
PUNE,PUNE CITY AREA  ,SHIRVAL
PUNE,PUNE CITY AREA  ,SINHAGAD ROAD
PUNE,PUNE CITY AREA  ,WAGHOLI
RAJKOT,GANDHIDHAM,BHUJ
RAJKOT,GANDHIDHAM,GANDHIDHAM
RAJKOT,GANDHIDHAM,GANDHIDHAM CITY
RAJKOT,GANDHIDHAM,MANDVI
RAJKOT,GANDHIDHAM,MUNDRA
RAJKOT,RAJKOT,ATIKA (RAJKOT)
RAJKOT,RAJKOT,BHAKTINAGAR
RAJKOT,RAJKOT,BHAVNAGAR
RAJKOT,RAJKOT,DARED
RAJKOT,RAJKOT,GONDAL
RAJKOT,RAJKOT,JAMNAGAR
RAJKOT,RAJKOT,JAMNAGAR-SHANKARTEKRI
RAJKOT,RAJKOT,JETPUR
RAJKOT,RAJKOT,JUNAGADH-SABALPUR
RAJKOT,RAJKOT,MAHUVA
RAJKOT,RAJKOT,METODA
RAJKOT,RAJKOT,MORBI
RAJKOT,RAJKOT,NAVAGAM(BHAVNAGAR)
RAJKOT,RAJKOT,PIPAVAV
RAJKOT,RAJKOT,PORBANDAR
RAJKOT,RAJKOT,RUDANAGAR
RAJKOT,RAJKOT,RUDANAGAR BRANCH
RAJKOT,RAJKOT,SHAPAR
RAJKOT,RAJKOT,SIHOR
RAJKOT,RAJKOT,THANGADH
RAJKOT,RAJKOT,TRAJPAR(MORBI)
RAJKOT,RAJKOT,VAVDI-RAJKOT
RAJKOT,RAJKOT,VERAVAL
SOUTH GUJARAT ,ANKLESHWAR,ANKLESHWAR
SOUTH GUJARAT ,ANKLESHWAR,BHARUCH
SOUTH GUJARAT ,ANKLESHWAR,DAHEJ
SOUTH GUJARAT ,ANKLESHWAR,JHAGADIA
SOUTH GUJARAT ,ANKLESHWAR,KIM
SOUTH GUJARAT ,ANKLESHWAR,PANOLI
SOUTH GUJARAT ,SURAT,BILIMORA
SOUTH GUJARAT ,SURAT,HAZIRA
SOUTH GUJARAT ,SURAT,KADODARA BRANCH
SOUTH GUJARAT ,SURAT,KADODARA TR
SOUTH GUJARAT ,SURAT,NAVSARI
SOUTH GUJARAT ,SURAT,PALSANA
SOUTH GUJARAT ,SURAT,SACHIN
SOUTH GUJARAT ,SURAT,SAROLI
SOUTH GUJARAT ,SURAT,SURAT CITY
SOUTH GUJARAT ,SURAT,UNN
SOUTH GUJARAT ,VAPI,DADRA NAGAR HAVELI
SOUTH GUJARAT ,VAPI,DAMAN DELIVERY UT
SOUTH GUJARAT ,VAPI,DAMAN UT
SOUTH GUJARAT ,VAPI,PARDI
SOUTH GUJARAT ,VAPI,SARIGAM
SOUTH GUJARAT ,VAPI,SILVASSA
SOUTH GUJARAT ,VAPI,SILVASSA CENTRAL CELL
SOUTH GUJARAT ,VAPI,UMARGAON
SOUTH GUJARAT ,VAPI,VALSAD
SOUTH GUJARAT ,VAPI,VAPI
SOUTH GUJARAT ,VAPI,VAPI BKG
SOUTH GUJARAT ,VAPI,VAPI CENTRAL CELL
SOUTH GUJARAT ,VAPI,VAPI DELIVERY
CHENNAI,CHENNAI NORTH ,AMBATTUR ESTATE
CHENNAI,CHENNAI NORTH ,AMBATTUR-CHENNAI
CHENNAI,CHENNAI NORTH ,BROADWAY-CHENNAI
CHENNAI,CHENNAI NORTH ,GUINDY-CHENNAI
CHENNAI,CHENNAI NORTH ,GUMMIDIPOONDI-CHENNAI
CHENNAI,CHENNAI NORTH ,KOYEMBEDU-CHENNAI
CHENNAI,CHENNAI NORTH ,MADURAVOYIL (BKG-DEL)
CHENNAI,CHENNAI NORTH ,PALLAVARAM-CHENNAI
CHENNAI,CHENNAI NORTH ,PARIVAKKAM-CHENNAI
CHENNAI,CHENNAI NORTH ,PARIVAKKAM-CHENNAI TR
CHENNAI,CHENNAI NORTH ,POOCHI ATHIPEDU
CHENNAI,CHENNAI NORTH ,POONAMALEE
CHENNAI,CHENNAI NORTH ,REDHILLS-CHENNAI
CHENNAI,CHENNAI NORTH ,SRICITY-TADA
CHENNAI,CHENNAI NORTH ,THIRUVALLUR-CHE
CHENNAI,CHENNAI SOUTH ,AMBUR
CHENNAI,CHENNAI SOUTH ,CUDDALORE
CHENNAI,CHENNAI SOUTH ,IRUNGATTUKOTTAI
CHENNAI,CHENNAI SOUTH ,KANCHIPURAM
CHENNAI,CHENNAI SOUTH ,KELAMBAKKAM
CHENNAI,CHENNAI SOUTH ,MARAIMALAI NAGAR-CHE
CHENNAI,CHENNAI SOUTH ,ORAGADAM-CHE
CHENNAI,CHENNAI SOUTH ,PANRUTI
CHENNAI,CHENNAI SOUTH ,PERUNGUDI
CHENNAI,CHENNAI SOUTH ,PONDICHERRY
CHENNAI,CHENNAI SOUTH ,RANIPET
CHENNAI,CHENNAI SOUTH ,SHOLINGHUR
CHENNAI,CHENNAI SOUTH ,SRIPERUMBUDUR
CHENNAI,CHENNAI SOUTH ,THIRUBHUVANAI
CHENNAI,CHENNAI SOUTH ,THIRUVNNAMALAI
